track_name,artist(s)_name,artist_count,released_year,released_month,released_day,in_spotify_playlists,in_spotify_charts,streams,in_apple_playlists,in_apple_charts,in_deezer_playlists,in_deezer_charts,in_shazam_charts,bpm,key,mode,danceability_%,valence_%,energy_%,acousticness_%,instrumentalness_%,liveness_%,speechiness_%
Agudo M��gi,"Styrx, utku INC, Thezth",3,1930,1,1,323,0,90598517,4,0,14,0,0,130,F#,Minor,65,49,80,22,4,7,5
White Christmas,"Bing Crosby, John Scott Trotter & His Orchestra, Ken Darby Singers",3,1942,1,1,11940,0,395591396,73,79,123,0,0,96,A,Major,23,19,25,91,0,40,3
The Christmas Song (Merry Christmas To You) - Remastered 1999,Nat King Cole,1,1946,11,1,11500,0,389771964,140,72,251,0,0,139,C#,Major,36,22,15,84,0,11,4
Let It Snow! Let It Snow! Let It Snow!,"Frank Sinatra, B. Swanson Quartet",2,1950,1,1,10585,0,473248298,126,108,406,0,0,143,D,Major,60,86,32,88,0,34,6
A Holly Jolly Christmas - Single Version,Burl Ives,1,1952,1,1,7930,0,395591396,108,120,73,0,0,140,,Major,67,81,36,64,0,15,3
Jingle Bell Rock,Bobby Helms,1,1957,1,1,10326,0,741301563,165,99,104,0,,119,D,Major,74,78,37,84,0,6,3
Jingle Bells - Remastered 1999,Frank Sinatra,1,1957,1,1,4326,0,178660459,32,3,65,0,0,175,G#,Major,51,94,34,73,0,10,5
Rockin' Around The Christmas Tree,Brenda Lee,1,1958,1,1,14994,0,769213520,191,168,206,0,,140,G#,Major,70,85,41,71,0,45,5
It's Beginning to Look a Lot Like Christmas (with Mitchell Ayres & His Orchestra),"Perry Como, The Fontane Sisters, Mitchell Ayres & His Orchestra",3,1958,1,1,6290,0,295998468,89,39,158,0,0,113,G,Major,73,72,32,77,0,15,5
Run Rudolph Run - Single Version,Chuck Berry,1,1958,1,1,8612,0,245350949,120,30,52,0,1,152,G,Minor,69,94,71,79,0,7,8
Let It Snow! Let It Snow! Let It Snow!,Dean Martin,1,1959,11,16,6512,0,446390129,88,1,277,0,0,134,C#,Major,45,72,24,91,0,18,4
Deck The Hall - Remastered 1999,Nat King Cole,1,1959,1,1,3299,0,127027715,65,39,41,0,0,107,F#,Minor,69,96,36,81,0,8,4
It's the Most Wonderful Time of the Year,Andy Williams,1,1963,10,14,8879,0,663832097,182,107,160,0,1,202,G,Major,24,76,60,77,0,12,4
Sleigh Ride,The Ronettes,1,1963,11,22,10114,0,404664135,114,74,262,0,0,92,D,Major,53,84,77,40,0,32,3
Christmas (Baby Please Come Home),Darlene Love,1,1963,11,22,9122,0,242767149,121,58,212,0,0,126,D#,Major,34,35,76,39,0,8,5
Have You Ever Seen The Rain?,Creedence Clearwater Revival,1,1968,7,1,15890,14,1145727611,71,37,653,0,167,116,,Major,74,76,70,7,0,13,3
Feliz Navidad,Jos�� Felic,1,1970,11,1,3788,0,520034544,21,3,10,0,0,148,D,Major,50,96,82,47,0,34,4
Love Grows (Where My Rosemary Goes),Edison Lighthouse,1,1970,1,1,2877,0,BPM110KeyAModeMajorDanceability53Valence75Energy69Acousticness7Instrumentalness0Liveness17Speechiness3,16,0,54,0,0,110,A,Major,53,75,69,7,0,17,3
Happy Xmas (War Is Over),"John Lennon, The Harlem Community Choir, The Plastic Ono Band, Yoko Ono",4,1971,12,1,10829,0,460492795,130,1,390,0,0,147,D,Major,33,39,61,32,0,77,3
Dream On,Aerosmith,1,1973,1,5,168,0,838586769,0,0,5,0,0,80,F,Minor,39,24,43,39,0,23,3
Riptide,Vance Joy,1,1975,1,1,31123,55,2009094673,300,65,"1,003",1,0,102,C#,Major,48,50,73,43,0,15,4
Bohemian Rhapsody - Remastered 2011,Queen,1,1975,10,31,40112,3,2197010679,321,162,"5,691",8,17,71,,Minor,41,23,40,27,0,30,5
Wonderful Christmastime - Edited Version / Remastered 2011,Paul McCartney,1,1979,11,16,1685,0,403939487,1,0,29,0,0,95,B,Major,75,74,58,36,0,9,3
Pass The Dutchie,Musical Youth,1,1982,1,1,5328,0,195918494,54,76,900,0,0,151,G,Major,73,88,67,20,0,32,5
Miss You,Southstar,1,1982,5,16,2020,0,154356956,77,10,119,0,40,145,A,Major,66,24,58,17,0,19,5
Every Breath You Take - Remastered 2003,The Police,1,1983,1,6,22439,19,1593270737,211,74,929,0,129,117,C#,Major,82,73,45,54,0,7,3
Take On Me,a-ha,1,1984,10,19,44927,17,1479115056,34,0,"5,108",6,0,84,F#,Minor,57,86,90,2,0,9,5
Last Christmas,Wham!,1,1984,1,1,22153,0,1159176109,274,111,"1,302",0,,107,B,Minor,74,88,65,28,0,46,3
Do They Know It's Christmas? - 1984 Version,Band Aid,1,1984,11,25,14169,0,481697415,209,30,449,0,0,115,,Major,60,23,57,0,2,27,3
Merry Christmas Everyone,Shakin' Stevens,1,1984,1,1,1087,0,351636786,90,35,5,0,0,101,C#,Minor,72,91,87,14,0,13,3
Everybody Wants To Rule The World,Tears For Fears,1,1985,2,17,41751,25,1205951614,101,32,"2,655",0,666,112,G,Major,64,54,81,36,0,11,6
Running Up That Hill (A Deal With God),Kate Bush,1,1985,9,16,21811,0,1024858327,117,1,676,3,0,108,A#,Minor,63,20,55,72,0,6,6
Driving Home for Christmas - 2019 Remaster,Chris Rea,1,1986,1,1,888,0,429504768,50,0,6,0,0,180,A,Major,51,87,58,36,0,18,4
Master of Puppets (Remastered),Metallica,1,1986,3,3,6080,0,704171068,112,198,406,1,0,105,E,Minor,54,59,83,0,44,20,4
Sweet Child O' Mine,Guns N' Roses,1,1987,1,1,41231,1,1553497987,228,151,"6,720",3,99,125,F#,Major,45,67,90,9,11,10,5
Smells Like Teen Spirit - Remastered 2021,Nirvana,1,1991,9,10,49991,9,1690192927,265,121,"12,367",4,160,117,C#,Major,52,73,91,0,0,11,7
Something In The Way - Remastered 2021,Nirvana,1,1991,9,24,9514,0,368646862,45,27,"1,197",0,43,106,G#,Major,44,8,20,74,42,11,3
Creep,Radiohead,1,1992,9,21,36724,7,1271293243,146,72,"6,807",5,80,92,G,Major,53,12,34,1,0,12,4
All I Want for Christmas Is You,Mariah Carey,1,1994,10,28,25653,0,1449779435,387,132,"2,094",0,,150,G,Major,34,33,63,16,0,7,4
Gangsta's Paradise,"Coolio, L.V.",2,1995,7,11,10624,17,1357608774,21,0,386,0,,80,G#,Major,63,40,61,9,0,56,6
California Love - Original Version (Explicit),"Dr. Dre, 2Pac, Roger",3,1995,12,28,18773,0,579395142,128,17,"1,663",0,0,92,G,Major,77,76,84,3,0,38,4
Sigue,"Ed Sheeran, J Balvin",2,1996,11,24,1370,0,106933107,46,8,60,0,0,88,G,Major,89,59,64,5,0,19,7
Cupid ��� Twin Ver. (FIFTY FIFTY) ��� Spe,sped up 8282,1,1997,1,1,472,2,103762518,0,0,6,0,0,144,F,Major,74,75,73,42,0,9,4
Iris,The Goo Goo Dolls,1,1998,3,31,13101,9,1284942608,137,5,582,0,0,156,B,Minor,32,49,72,0,0,9,4
Yellow,Chris Molitor,1,1999,1,1,31358,43,1755214421,196,2,"4,053",5,0,173,B,Major,43,28,66,0,0,23,3
Still D.R.E.,"Dr. Dre, Snoop Dogg",2,1999,1,1,33966,0,1210599487,141,78,"6,591",1,0,93,B,Major,81,53,78,18,0,6,24
The Next Episode,"Dr. Dre, Snoop Dogg",2,1999,1,1,31762,0,843309044,142,40,"5,451",1,953,95,D#,Minor,92,31,89,3,0,8,25
Forgot About Dre,"Eminem, Dr. Dre",2,1999,1,1,19067,0,675039469,78,15,"1,674",0,3,134,G#,Major,93,61,74,9,0,17,8
Stan,"Eminem, Dido",2,1999,11,21,17115,0,918915401,83,63,"4,180",0,0,80,F#,Minor,78,53,74,4,0,45,21
The Real Slim Shady,Eminem,1,2000,1,1,20763,27,1424589568,81,53,"3,271",1,17,104,F,Minor,95,78,66,3,0,4,6
In The End,Linkin Park,1,2000,10,24,25065,6,1624165576,63,0,"6,808",2,0,105,D#,Minor,55,40,90,1,0,32,6
My Only Wish (This Year),Britney Spears,1,2000,11,7,6952,0,261116938,115,53,286,0,0,147,,Major,67,69,72,17,0,19,3
Sparks,Coldplay,1,2000,7,10,10826,4,624101957,24,0,805,0,0,103,C#,Major,37,17,27,75,5,10,3
Without Me,Eminem,1,2002,1,1,21081,43,1687664027,98,76,"3,889",5,0,112,G,Major,92,67,66,0,0,36,9
Lose Yourself - Soundtrack Version,Eminem,1,2002,1,1,32502,21,1829992958,247,54,"5,567",1,51,171,D,Major,70,6,73,1,0,36,26
Superman,"Eminem, Dina Rae",2,2002,5,26,7615,14,655466831,18,51,"1,005",0,0,130,E,Minor,80,64,76,2,0,20,6
'Till I Collapse,"Eminem, Nate Dogg",2,2002,5,26,22923,0,1695712020,78,46,"2,515",1,0,171,C#,Major,55,10,85,7,0,8,20
In Da Club,50 Cent,1,2002,1,1,30427,7,1202722675,235,106,"5,221",1,35,90,F#,Minor,90,79,71,26,0,7,37
The Scientist,Coldplay,1,2002,8,5,30992,6,1608164312,124,25,"7,827",1,0,146,F,Major,56,21,44,73,0,11,2
Numb,Linkin Park,1,2003,3,24,20111,5,1361425037,39,0,"7,341",0,0,110,A,Major,50,24,86,0,0,64,4
Mr. Brightside,The Killers,1,2003,9,23,51979,15,1806617704,306,99,"5,063",2,120,148,C#,Major,35,24,93,0,0,10,8
Mockingbird,Eminem,1,2004,1,1,12985,61,1241559043,49,98,"2,394",5,204,84,E,Minor,62,24,67,21,0,13,28
Somewhere Only We Know,Keane,1,2004,1,1,20015,16,1089402494,107,69,"5,239",0,558,172,A,Major,45,33,59,6,0,8,3
Gasolina,Daddy Yankee,1,2004,7,13,6457,18,657723613,98,95,453,0,454,96,,Major,86,74,80,33,0,8,6
Yo Voy (feat. Daddy Yankee),Zion & Lennox,1,2004,5,4,2954,2,527033089,18,82,0,0,5,95,A#,Major,81,56,70,4,0,5,24
You Make It Feel Like Christmas (feat. Blake Shelton),"Gwen Stefani, Blake Shelton",2,2005,9,20,2577,0,180577478,108,56,30,0,0,93,F,Major,63,93,88,1,0,12,4
505,Arctic Monkeys,1,2007,4,20,13985,25,1217120710,30,80,588,1,1,140,,Major,52,20,85,0,0,7,5
Viva La Vida,Coldplay,1,2008,1,1,33898,62,1592909789,233,0,"4,095",9,0,138,F,Minor,49,42,62,9,0,11,3
Heartless,Kanye West,1,2008,1,1,17504,34,887906111,63,39,"1,315",0,2,88,A#,Minor,79,66,65,5,0,25,14
Danza Kuduro,"Don Omar, Lucenzo",2,2010,1,1,17138,37,1279434863,119,81,974,1,503,130,,Major,47,86,92,8,0,5,24
Enchanted,Taylor Swift,1,2010,1,1,4564,16,621660989,24,101,113,0,40,164,G#,Major,45,24,62,8,0,16,3
Sure Thing,Miguel,1,2010,5,25,13801,19,950906471,137,125,435,6,285,81,B,Minor,68,51,60,3,0,19,10
Just The Way You Are,Bruno Mars,1,2010,1,1,21106,13,1641426668,82,0,"2,946",0,0,109,F,Major,63,46,85,1,0,9,5
Es un Secreto,Plan B,1,2010,7,20,492,36,540654286,4,3,19,0,0,95,F#,Minor,84,52,77,12,0,7,4
Rolling in the Deep,Adele,1,2010,11,29,35684,6,1472799873,195,125,"6,280",2,78,105,G#,Major,73,52,76,13,0,5,3
Talking To The Moon,Bruno Mars,1,2010,10,4,7109,2,1062956628,5,0,862,0,0,146,C#,Minor,52,7,61,51,0,11,3
Summertime Sadness,Lana Del Rey,1,2011,1,1,20333,52,983637508,89,143,"1,632",3,200,112,C#,Minor,56,24,66,7,0,12,3
Set Fire to the Rain,Adele,1,2011,1,1,14739,43,1163620694,88,112,"2,163",5,519,108,D,Minor,61,47,68,0,0,13,3
Can't Hold Us (feat. Ray Dalton),"Ray Dalton, Ryan Lewis, Macklemore",3,2011,8,16,6074,52,1953533826,201,44,"6,551",2,0,146,D,Major,63,88,93,3,0,10,8
Radio,Lana Del Rey,1,2011,1,1,9389,46,284819874,24,122,282,3,368,150,D,Major,42,20,86,21,0,9,9
We Found Love,"Rihanna, Calvin Harris",2,2011,1,1,36843,21,1235005533,321,91,"4,607",1,58,128,C#,Major,73,60,77,3,0,11,4
Bloody Mary,Lady Gaga,1,2011,1,1,3909,0,372476382,66,26,277,3,734,100,A,Minor,59,49,65,2,0,13,3
It's Beginning To Look A Lot Like Christmas,Michael Bubl�,1,2011,10,14,12353,0,807561936,35,0,549,0,0,93,E,Major,35,38,23,91,0,29,3
Holly Jolly Christmas,Michael Bubl�,1,2011,10,14,7655,0,476244795,5,0,291,0,0,151,G,Major,65,70,47,87,0,9,4
Mistletoe,Justin Bieber,1,2011,1,1,9577,0,629173063,195,111,310,0,0,162,F#,Minor,67,88,54,51,0,9,4
Somebody That I Used To Know,"Gotye, Kimbra",2,2011,1,1,42798,0,1457139296,217,136,"6,508",1,,129,,Major,86,75,52,54,0,10,4
Another Love,Tom Odell,1,2012,10,15,18371,83,1813673666,250,122,"3,394",19,,123,E,Minor,45,13,54,70,0,9,4
Sweater Weather,The Neighbourhood,1,2012,5,14,16413,61,2282771485,166,87,"1,056",1,,124,A#,Major,61,41,81,5,2,10,3
MONTAGEM - FR PUNK,"Ayparia, unxbected",2,2012,6,20,641,50,58054811,1,52,8,0,"1,170",129,A,Major,63,84,82,70,8,9,7
Lover,Taylor Swift,1,2012,1,1,8448,23,882831184,160,110,163,0,5,206,G,Major,43,50,55,50,0,15,10
Money Trees,"Kendrick Lamar, Jay Rock",2,2012,1,1,26792,32,1093605526,69,113,695,0,458,144,E,Minor,74,37,53,7,0,21,10
Locked Out Of Heaven,Bruno Mars,1,2012,12,5,1622,9,1481349984,0,0,356,0,0,144,F,Major,73,87,70,6,0,28,5
When I Was Your Man,Bruno Mars,1,2012,12,5,2420,11,1661187319,0,0,806,0,0,145,,Major,60,43,27,94,0,14,4
Demons,Imagine Dragons,1,2012,1,1,26694,13,1840364617,65,82,"3,425",4,13,180,D#,Major,33,38,71,20,0,28,5
Payphone,"Maroon 5, Wiz Khalifa",2,2012,1,1,14143,4,1479264469,56,38,"1,891",1,,110,E,Major,74,51,74,2,0,29,4
Lost,Frank Ocean,1,2012,1,1,29499,11,822239726,124,27,587,0,4,123,A#,Minor,91,49,61,3,0,17,22
I Wanna Be Yours,Arctic Monkeys,1,2013,1,1,12859,110,1297026226,24,98,582,2,73,135,,Minor,48,44,42,12,2,11,3
Counting Stars,OneRepublic,1,2013,1,1,29215,43,2011464183,179,97,"3,394",11,153,122,C#,Minor,66,48,71,6,0,12,4
Do I Wanna Know?,Arctic Monkeys,1,2013,1,1,33783,26,1788326445,133,92,"2,733",1,26,85,F,Major,55,42,53,17,0,22,3
Why'd You Only Call Me When You're High?,Arctic Monkeys,1,2013,1,1,23389,29,1267333350,54,70,"1,089",2,1,92,D,Major,70,81,63,4,0,8,4
Take Me To Church,Hozier,1,2013,9,13,23804,31,2135158446,187,99,"4,623",1,0,129,E,Minor,57,41,66,63,0,12,5
Santa Tell Me,Ariana Grande,1,2013,12,13,9408,0,834129063,231,106,439,0,,133,G,Major,46,53,63,5,0,30,18
Underneath the Tree,Kelly Clarkson,1,2013,10,25,6596,0,485285717,144,99,251,0,0,160,G#,Major,51,69,81,0,0,21,5
All of Me,John Legend,1,2013,8,1,27221,0,2086124197,308,118,"4,534",2,77,120,G#,Major,42,33,26,92,0,13,3
Ginseng Strip 2002,Yung Lean,1,2013,8,16,4310,0,240769997,13,0,113,1,3,115,C#,Major,60,37,71,8,0,48,4
Thinking with My Dick,"Kevin Gates, Juicy J",2,2013,7,16,1550,0,109091573,0,0,14,0,0,81,,Major,77,68,70,6,0,17,20
Wake Me Up - Radio Edit,Avicii,1,2013,1,1,50887,34,1970673297,315,160,"6,284",1,46,124,D,Major,53,66,78,0,0,16,5
Get Lucky - Radio Edit,"Pharrell Williams, Nile Rodgers, Daft Punk",3,2013,1,1,52898,0,933815613,203,1,"8,215",0,0,116,F#,Minor,79,87,81,4,0,10,4
Bound 2,Kanye West,1,2013,1,1,19806,7,703301727,33,11,274,0,0,149,C#,Major,37,28,66,14,0,9,5
Blank Space,Taylor Swift,1,2014,1,1,11434,53,1355959075,154,123,410,2,81,96,F,Major,75,57,68,9,0,13,6
Style,Taylor Swift,1,2014,1,1,7830,42,786181836,94,111,151,4,82,95,D,Major,60,48,79,0,0,12,4
No Role Modelz,J. Cole,1,2014,12,9,21164,36,1791000570,80,65,476,0,14,100,A#,Minor,70,47,52,30,0,6,33
Shake It Off,Taylor Swift,1,2014,1,1,21335,13,1113838873,328,70,"1,378",9,20,160,G,Major,65,95,80,5,0,41,16
Night Changes,One Direction,1,2014,11,17,7124,18,1131090940,60,20,2,0,,120,G#,Major,67,40,52,86,0,12,4
Lovers Rock,TV Girl,1,2014,6,5,6339,13,466231982,3,1,36,1,37,105,F,Minor,56,57,87,0,1,10,4
I Love You So,The Walters,1,2014,11,28,7536,7,972164968,44,19,135,0,6,76,A#,Major,58,46,67,65,0,13,4
I'm Not The Only One,Sam Smith,1,2014,1,1,17492,3,1606986953,136,24,"1,959",0,30,82,F,Major,68,50,49,56,0,8,4
After Dark,Mr.Kitty,1,2014,8,8,1776,14,646886885,1,9,3,0,0,140,G#,Major,58,4,60,7,41,8,3
The Nights,Avicii,1,2014,1,1,17354,8,1456081449,92,122,"1,282",0,55,126,F#,Major,53,66,85,2,0,24,4
Thinking Out Loud,Ed Sheeran,1,2014,1,1,33032,0,2280566092,363,129,"3,895",0,28,79,D,Major,78,58,45,47,0,18,3
Photograph,Ed Sheeran,1,2014,6,20,18778,3,2236667932,228,105,"2,453",0,84,108,E,Major,61,20,38,61,0,10,5
Only Love Can Hurt Like This,Paloma Faith,1,2014,1,1,5148,0,588955257,90,22,365,0,114,91,G#,Major,57,30,89,10,0,33,8
Makeba,Jain,1,2015,6,22,6060,53,165484133,150,148,"2,703",22,"1,451",116,D,Major,82,40,66,39,51,25,7
The Night We Met,Lord Huron,1,2015,2,2,18515,35,1410088830,70,82,939,1,162,174,D,Major,45,10,37,97,25,64,4
The Hills,The Weeknd,1,2015,5,27,25744,4,1947371785,122,94,"1,992",0,18,136,,Minor,36,12,57,9,0,14,8
Space Song,Beach House,1,2015,1,1,17852,4,789753877,69,76,335,0,,147,,Minor,51,62,79,22,13,14,3
Atlantis,Seafret,1,2015,4,22,3045,6,571386359,43,53,134,1,32,166,G#,Minor,40,23,48,5,0,12,3
Freaks,Surf Curse,1,2015,5,10,3006,3,824420218,23,21,121,0,13,180,A,Major,35,41,94,0,63,5,5
Daddy Issues,The Neighbourhood,1,2015,10,30,9771,4,1127468248,42,70,384,0,3,85,A#,Major,59,33,52,7,15,12,3
Alien Blues,Vundabar,1,2015,7,24,1930,0,370068639,3,0,28,0,1,82,D#,Major,47,44,76,8,91,9,3
Wait a Minute!,Willow,1,2015,1,11,11985,0,924193303,79,80,250,3,10,101,D#,Minor,76,63,71,3,0,10,3
Cool for the Summer,Demi Lovato,1,2015,1,1,9243,0,677389855,155,5,577,0,6,114,F,Minor,59,30,62,1,0,8,4
Love Yourself,Justin Bieber,1,2015,11,9,22730,5,2123309722,289,87,"2,430",0,36,100,E,Major,61,53,38,84,0,28,44
Die For You,The Weeknd,1,2016,11,24,2483,59,1647990401,68,21,24,0,259,134,C#,Minor,59,51,52,9,0,15,7
Starboy,"The Weeknd, Daft Punk",2,2016,9,21,29536,79,2565529693,281,137,"2,445",1,140,186,G,Major,68,49,59,16,0,13,28
Stargirl Interlude,"The Weeknd, Lana Del Rey",2,2016,11,24,1275,32,611700552,13,8,5,0,1,90,F,Minor,59,52,48,38,5,10,11
One Dance,"Drake, WizKid, Kyla",3,2016,4,4,43257,24,2713922350,433,107,"3,631",0,26,104,C#,Major,77,36,63,1,0,36,5
Reminder,The Weeknd,1,2016,11,25,6518,17,684675814,45,85,238,1,47,160,G#,Major,71,40,50,16,0,16,22
Pink + White,Frank Ocean,1,2016,8,20,21574,30,806397070,112,68,266,1,39,160,A,Major,54,54,55,67,0,42,11
Unstoppable,Sia,1,2016,1,21,7681,13,939844851,119,66,"1,145",2,,174,A,Major,47,27,78,11,0,10,8
Say You Won't Let Go,James Arthur,1,2016,9,9,15722,16,2420461338,231,37,"1,509",0,13,99,A#,Major,40,45,56,69,0,9,5
"Sex, Drugs, Etc.",Beach Weather,1,2016,11,4,3006,16,480507035,47,60,87,12,124,144,E,Minor,57,47,84,1,1,52,4
"Hey, Mickey!",Baby Tate,1,2016,9,27,482,0,122763672,9,1,12,4,3,135,D,Major,92,73,51,55,0,15,6
No Lie,"Sean Paul, Dua Lipa",2,2016,11,18,7370,0,956865266,92,127,"1,219",0,62,102,G,Major,74,45,89,5,0,26,13
Pope Is a Rockstar,SALES,1,2016,4,20,1966,0,156658366,4,2,50,0,0,90,E,Minor,73,31,45,85,24,11,3
Notion,The Rare Occasions,1,2016,8,5,2393,0,421135627,22,13,65,0,6,160,A,Major,31,30,88,7,0,8,8
Closer,"The Chainsmokers, Halsey",2,2016,5,31,28032,0,2591224264,315,159,"2,179",0,44,95,G#,Major,75,64,52,41,0,11,3
There's Nothing Holdin' Me Back,Shawn Mendes,1,2016,9,23,12382,0,1714490998,229,57,"1,370",2,71,122,D,Major,86,97,80,36,0,9,6
House Of Memories,Panic! At The Disco,1,2016,1,15,2948,0,582863434,10,2,150,0,0,110,B,Minor,51,48,82,0,0,5,3
Me and Your Mama,Childish Gambino,1,2016,11,10,8775,0,445590495,33,60,107,1,0,118,F,Major,56,25,45,1,3,7,3
Selfish,PnB Rock,1,2016,6,23,2468,0,380319238,15,0,0,0,0,102,C#,Minor,64,4,60,11,0,19,4
See You Again,"Tyler, The Creator, Kali Uchis",3,2017,7,21,13387,64,1047101291,77,58,247,1,311,79,F#,Major,56,58,56,37,0,11,10
Don���t Bl,Taylor Swift,1,2017,11,8,4875,23,685032533,19,45,0,0,10,136,A,Minor,62,19,53,11,0,6,4
Cold Heart - PNAU Remix,"Dua Lipa, Elton John, Pnau",3,2017,11,10,21097,52,1605224506,384,135,"1,034",37,312,116,C#,Major,80,92,80,4,0,10,3
Dandelions,Ruth B.,1,2017,4,28,3423,21,1116995633,41,100,59,1,32,117,C#,Major,61,45,69,2,0,9,3
lovely - Bonus Track,"Billie Eilish, Khalid",2,2017,8,11,15032,30,2355719893,221,96,"1,078",2,136,115,E,Minor,35,12,30,93,0,10,3
Perfect,Ed Sheeran,1,2017,1,1,16596,13,2559529074,7,0,"2,094",0,0,95,G#,Major,60,17,45,16,0,11,2
Believer,Imagine Dragons,1,2017,1,31,18986,23,2594040133,250,121,"2,969",10,31,125,A#,Minor,77,74,78,4,0,23,11
Shape of You,Ed Sheeran,1,2017,1,6,32181,10,3562543890,33,0,"6,808",7,0,96,C#,Minor,83,93,65,58,0,9,8
Apocalypse,Cigarettes After Sex,1,2017,3,21,13091,17,841749534,61,96,790,2,116,94,F,Major,37,17,47,2,46,11,3
Dark Red,Steve Lacy,1,2017,2,20,10431,7,920045682,71,53,181,0,10,172,F#,Major,60,77,78,45,0,12,6
Revenge,XXXTENTACION,1,2017,8,25,3600,11,1022258230,7,0,203,0,2,140,B,Minor,75,18,25,78,0,11,26
One Kiss (with Dua Lipa),"Calvin Harris, Dua Lipa",2,2017,6,2,27705,10,1897517891,537,122,"2,726",6,,124,A,Minor,79,59,86,4,0,8,11
Snowman,Sia,1,2017,1,1,5140,0,690104769,85,110,500,0,,105,C#,Major,72,33,51,48,0,9,3
Merry Christmas,"Ed Sheeran, Elton John",2,2017,11,10,2209,0,135723538,72,90,141,0,0,114,,Major,59,60,94,24,0,10,4
Infinity,Jaymes Young,1,2017,6,23,4375,0,888046992,24,0,396,0,0,122,B,Minor,67,50,67,15,0,30,4
Beggin,M��ne,1,2017,12,8,8559,0,1367810478,183,64,964,9,75,134,B,Minor,71,59,80,13,0,36,5
Bored,Billie Eilish,1,2017,3,30,4204,0,777765388,39,45,250,0,0,120,G,Major,60,11,33,90,0,8,5
Lucid Dreams,Juice WRLD,1,2017,6,15,14749,0,2288695111,188,34,710,0,5,84,B,Minor,44,22,48,38,0,33,24
HUMBLE.,Kendrick Lamar,1,2017,3,30,33206,1,1929770265,284,114,"1,481",0,5,150,C#,Minor,91,42,60,0,0,9,12
Swim,Chase Atlantic,1,2017,10,4,2742,0,498960285,5,1,62,0,0,120,G#,Major,67,8,54,27,0,8,4
Something Just Like This,"The Chainsmokers, Coldplay",2,2017,2,22,23375,21,2204080728,336,188,"2,692",3,30,103,B,Minor,61,47,65,3,0,17,4
Good Looking,Suki Waterhouse,1,2017,10,20,2264,0,184706613,11,6,25,0,1,150,E,Major,37,27,56,8,0,13,3
Hold Me Closer,"Elton John, Britney Spears",2,2017,11,10,4967,0,284216603,165,10,177,4,73,126,,Major,67,49,77,11,0,19,11
Sunflower - Spider-Man: Into the Spider-Verse,"Post Malone, Swae Lee",2,2018,10,9,24094,78,2808096550,372,117,843,4,69,90,D,Major,76,91,50,54,0,7,5
Someone You Loved,Lewis Capaldi,1,2018,11,8,17836,53,2887241814,440,125,"1,800",0,,110,C#,Major,50,45,41,75,0,11,3
Let Me Down Slowly,Alec Benjamin,1,2018,5,25,5897,19,1374581173,0,0,885,0,0,150,C#,Minor,65,51,55,73,0,14,3
I Was Never There,"The Weeknd, Gesaffelstein",2,2018,3,29,4188,15,705469769,30,70,142,0,27,114,A#,Major,32,17,74,14,0,17,3
Call Out My Name,The Weeknd,1,2018,3,29,11087,6,1449799467,151,107,801,1,105,134,C#,Major,45,17,60,21,0,33,4
Softcore,The Neighbourhood,1,2018,3,9,3947,12,599770206,33,102,93,0,30,94,D,Major,57,36,58,5,0,15,3
Shallow,"Lady Gaga, Bradley Cooper",2,2018,9,27,16636,12,2159346687,368,155,"2,854",6,121,96,G,Major,57,30,40,38,0,26,3
Hope,XXXTENTACION,1,2018,3,16,3659,0,1200808494,11,10,267,0,7,146,A,Minor,59,23,46,66,0,15,6
SLOW DANCING IN THE DARK,Joji,1,2018,9,12,10211,0,1122364376,38,79,65,0,1,89,D#,Major,52,28,48,54,1,19,3
we fell in love in october,girl in red,1,2018,11,21,6858,0,723043854,31,21,15,0,4,130,G,Major,57,24,37,11,18,16,3
Cruel Summer,Taylor Swift,1,2019,8,23,7858,100,800840817,116,207,125,12,548,170,A,Major,55,58,72,11,0,11,15
Blinding Lights,The Weeknd,1,2019,11,29,43899,69,3703895074,672,199,"3,421",20,,171,C#,Major,50,38,80,0,0,9,7
Watermelon Sugar,Harry Styles,1,2019,11,17,21915,34,2322580122,437,115,"1,212",12,,95,,Major,55,56,82,12,0,34,5
Those Eyes,New West,1,2019,5,10,1507,14,411747614,24,71,44,1,195,120,E,Major,60,24,35,73,0,31,3
Under The Influence,Chris Brown,1,2019,10,4,3859,26,929964809,133,181,3,0,,117,A,Minor,73,31,69,6,0,11,4
Car's Outside,James Arthur,1,2019,10,18,794,10,265882712,38,25,61,0,263,150,A,Major,34,24,56,4,0,11,3
Circles,Post Malone,1,2019,8,30,19664,16,2132335812,391,73,633,3,37,120,,Major,70,59,75,24,0,9,4
All Of The Girls You Loved Before,Taylor Swift,1,2019,8,23,1282,6,185240616,26,6,19,0,5,96,D,Major,72,40,47,71,0,13,4
Heart To Heart,Mac DeMarco,1,2019,5,10,1640,0,244658767,27,27,29,1,1,150,G#,Minor,90,64,14,67,35,11,10
LA CANCI�,"J Balvin, Bad Bunny",2,2019,6,28,6398,31,1435127549,177,109,305,3,5,176,G,Major,75,43,65,15,0,11,32
Boy With Luv (feat. Halsey),"Halsey, BTS",2,2019,4,12,4260,0,1065580332,113,92,259,0,1,120,B,Minor,65,80,86,9,0,19,10
Don't Start Now,Dua Lipa,1,2019,10,31,27119,0,2303033973,532,77,"1,535",3,8,124,B,Minor,79,68,79,1,0,10,8
love nwantiti (ah ah ah),Ckay,1,2019,7,26,5669,2,726837877,74,0,262,14,,93,F,Minor,74,53,73,61,0,13,4
Love Nwantiti - Remix,"Ckay, AX'EL, Dj Yo!",3,2019,8,30,2696,0,540539717,42,2,57,0,,120,G#,Major,58,44,60,44,9,5,6
Lost in the Fire,"The Weeknd, Gesaffelstein",2,2019,1,11,7731,2,686734357,110,145,447,0,46,101,D,Major,66,18,68,9,0,12,4
Before You Go,Lewis Capaldi,1,2019,11,1,8327,24,1608045237,205,130,625,0,25,112,D#,Major,45,19,60,63,0,9,6
Astronaut In The Ocean,Masked Wolf,1,2019,1,1,7191,0,1138474110,146,18,478,0,7,150,E,Minor,78,47,70,18,0,15,9
Dance Monkey,Tones and I,1,2019,5,10,24529,0,2864791672,533,167,"3,595",6,,98,F#,Minor,82,54,59,69,0,18,10
Arcade,Duncan Laurence,1,2019,3,7,6646,0,991336132,107,47,584,1,,72,A,Minor,45,27,33,82,0,14,4
Streets,Doja Cat,1,2019,11,7,5728,0,865640097,85,87,179,0,12,90,B,Major,75,19,46,21,4,34,8
Memories,Maroon 5,1,2019,9,20,9974,2,1759567999,272,67,"1,066",1,19,91,B,Major,77,60,32,84,0,8,5
All For Us - from the HBO Original Series Euphoria,"Labrinth, Zendaya",2,2019,8,4,5342,0,426204830,33,123,7,0,4,141,D#,Major,37,17,67,2,0,34,9
Formula,Labrinth,1,2019,10,4,3444,7,554875730,24,85,102,0,1,145,B,Major,57,23,66,4,6,15,4
Mount Everest,Labrinth,1,2019,6,21,5443,0,467727006,45,1,80,0,12,89,,Minor,46,43,43,23,8,8,22
Still Don't Know My Name,Labrinth,1,2019,10,4,6332,0,563902868,47,116,266,0,0,88,F,Major,31,31,63,47,27,21,12
When I R.I.P.,Labrinth,1,2019,10,4,2578,0,203680270,8,67,66,0,0,80,G#,Minor,39,45,55,73,0,9,21
Forever,Labrinth,1,2019,10,4,3618,0,282883169,21,86,138,0,2,80,E,Minor,56,19,46,92,72,11,3
Se��o,"Shawn Mendes, Camila Cabello",2,2019,6,19,15010,2,2484812918,453,50,"1,785",1,8,117,A,Minor,76,77,52,4,0,8,3
NEW MAGIC WAND,"Tyler, The Creator",2,2019,5,16,4708,0,461437791,13,7,55,0,1,140,F,Minor,62,46,73,10,0,67,11
Adore You,Harry Styles,1,2019,12,6,13454,1,1439191367,246,71,519,2,5,99,G#,Major,68,57,77,2,0,10,5
Tom's Diner,"AnnenMayKantereit, Giant Rooks",2,2019,6,28,2605,0,236872197,15,48,50,0,3,98,F#,Minor,68,33,43,38,0,36,14
Falling,Harry Styles,1,2019,12,13,7556,0,1023187129,124,24,254,0,8,110,E,Major,57,6,27,84,0,9,3
Golden,Harry Styles,1,2019,12,13,8429,1,807015863,85,24,200,0,2,140,E,Minor,45,25,84,21,0,13,6
Callaita,"Bad Bunny, Tainy",2,2019,5,31,9539,15,1304313953,162,116,355,7,0,176,D,Major,61,24,62,60,0,24,31
San Lucas,Kevin Kaarl,1,2019,11,7,407,1,244891912,5,0,5,0,0,92,G,Major,58,27,36,86,0,9,3
Mary On A Cross,Ghost,1,2019,9,13,2668,2,387080183,38,266,78,0,141,130,B,Major,47,56,90,0,0,10,4
Angels Like You,Miley Cyrus,1,2020,11,27,3372,19,570515054,65,48,138,1,102,122,F,Major,67,49,64,10,0,10,3
cardigan,Taylor Swift,1,2020,7,24,7923,29,812019557,106,112,142,4,215,130,,Minor,61,53,58,55,0,27,4
Heat Waves,Glass Animals,1,2020,6,28,22543,63,2557975762,386,144,707,28,,81,B,Major,76,53,53,44,0,9,9
Still With You,Jung Kook,1,2020,6,5,31,39,38411956,2,107,8,0,0,88,C#,Minor,53,34,47,9,0,83,4
august,Taylor Swift,1,2020,7,24,7324,22,607123776,25,81,61,1,44,90,F,Major,51,42,61,53,0,9,3
Save Your Tears,The Weeknd,1,2020,3,20,12688,13,1591223784,197,115,112,0,200,118,,Major,68,61,82,2,0,50,3
Shut up My Moms Calling,Hotel Ugly,1,2020,2,10,1788,14,405136812,1,50,19,0,19,139,A,Minor,48,37,41,32,0,10,10
Save Your Tears (with Ariana Grande) (Remix),"Ariana Grande, The Weeknd",2,2020,3,20,9161,5,1221813483,240,98,468,3,10,118,,Major,65,63,79,3,0,10,3
After Hours,The Weeknd,1,2020,2,19,8084,6,698086140,45,115,218,1,221,109,F,Minor,66,16,57,10,1,12,3
���������������������,Fujii Kaze,1,2020,5,20,685,14,403097450,24,94,9,0,23,158,F#,Minor,60,52,76,17,0,19,5
Heather,Conan Gray,1,2020,3,20,6170,7,1301799902,82,1,231,0,2,92,F,Major,47,25,43,62,0,32,3
MIDDLE OF THE NIGHT,Elley Duh�,1,2020,1,10,4057,8,872137015,78,21,240,1,52,186,E,Minor,41,9,61,2,0,12,5
Bad Habits,Ed Sheeran,1,2020,9,3,12755,8,1555511105,344,97,945,15,,126,B,Minor,81,59,90,5,0,36,3
Good Days,SZA,1,2020,12,24,10426,2,826623384,133,109,182,1,10,121,C#,Minor,46,53,78,23,0,72,6
Levitating (feat. DaBaby),"Dua Lipa, DaBaby",2,2020,3,27,15894,8,1802514301,198,13,544,0,60,103,F#,Minor,70,92,83,1,0,7,6
MONTERO (Call Me By Your Name),Lil Nas X,1,2020,9,18,12329,0,1735441776,275,19,738,0,,179,G#,Minor,61,76,51,30,0,38,15
Mon Amour - Remix,"Aitana, zzoilo",2,2020,9,21,3221,2,578207856,67,13,139,0,40,116,D,Major,75,36,76,12,0,10,10
Todo De Ti,Rauw Alejandro,1,2020,11,2,11975,8,1168642797,188,75,268,6,16,128,D#,Minor,81,57,63,40,1,10,4
Meet Me At Our Spot,"THE ANXIETY, Willow, Tyler Cole",3,2020,3,13,6734,0,530511203,47,14,90,0,1,95,D,Major,77,40,47,2,0,9,3
Dakiti,"Bad Bunny, Jhay Cortez",2,2020,10,30,11215,21,1763363713,189,166,525,9,25,110,E,Minor,73,14,57,40,0,11,5
Life Goes On,Oliver Tree,1,2020,7,17,2868,0,501541661,43,15,116,0,,80,,Major,70,57,49,19,0,12,8
Dynamite,BTS,1,2020,8,21,8528,5,1692897992,239,163,583,0,,114,F#,Minor,75,74,77,1,0,9,10
Mood (feat. Iann Dior),"24kgoldn, Iann Dior",2,2020,7,24,12854,0,1699402402,237,27,636,0,,91,G,Minor,70,76,72,22,0,27,4
Sky,Playboi Carti,1,2020,12,25,3297,3,506778838,25,3,52,0,1,140,D,Major,79,56,91,26,0,13,21
The Business,Ti��,1,2020,1,1,14311,0,1062345656,255,32,582,0,14,120,G#,Minor,80,24,62,41,2,11,23
positions,Ariana Grande,1,2020,10,23,8207,0,1252563873,175,55,95,0,2,144,,Major,73,66,80,44,0,9,12
HEARTBREAK ANNIVERSARY,Giveon,1,2020,2,21,5398,4,951637566,111,127,210,0,37,129,,Major,61,59,46,56,0,13,5
you broke me first,Tate McRae,1,2020,4,17,6638,0,1180094974,167,19,318,0,1,124,E,Major,64,8,37,79,0,9,5
Excuses,"Intense, AP Dhillon, Gurinder Gill",3,2020,7,24,272,4,327498031,7,21,2,0,0,95,F,Minor,84,49,72,8,0,15,8
Contection,"GODZZ__-, Zakaria",2,2020,1,16,6955,0,1180896317,65,45,398,0,1,166,A#,Minor,81,83,75,14,0,29,34
A Tu Merced,Bad Bunny,1,2020,2,29,4214,11,685071800,21,20,40,0,0,92,,Major,86,89,79,17,0,11,6
La Santa,"Daddy Yankee, Bad Bunny",2,2020,2,29,4890,20,759208783,52,42,100,0,0,93,C#,Major,74,59,87,3,0,8,5
La Zona,Bad Bunny,1,2020,2,29,1188,0,312622938,13,1,15,0,1,94,C#,Minor,76,81,80,20,0,25,4
Levitating,Dua Lipa,1,2020,3,27,9833,0,797196073,233,82,531,1,1,103,F#,Minor,69,90,88,5,0,29,8
Demasiadas Mujeres,C. Tangana,1,2020,10,8,2226,0,339473453,36,2,11,0,14,126,A,Minor,67,37,46,13,0,10,39
Caile,Luar La L,1,2020,12,18,1494,2,273914335,17,12,15,0,0,122,,Major,70,46,76,30,0,9,45
I Really Want to Stay at Your House,"Rosa Walton, Hallie Coggins",2,2020,12,18,668,1,140430339,0,0,31,0,,125,D#,Minor,49,13,74,0,0,9,4
STAY (with Justin Bieber),"Justin Bieber, The Kid Laroi",2,2021,7,9,17050,36,2665343922,492,99,798,31,0,170,C#,Major,59,48,76,4,0,10,5
Bones,Imagine Dragons,1,2021,3,11,4198,44,838079900,98,108,327,17,153,114,F,Minor,77,65,72,2,0,7,5
Por las Noches,Peso Pluma,1,2021,6,11,457,24,330346424,8,116,4,3,2,92,,Major,81,39,60,31,0,7,3
Ghost,Justin Bieber,1,2021,3,19,5866,24,1167330737,107,38,95,0,,154,D,Major,61,41,74,21,0,40,6
You Belong With Me (Taylor���s Ve,Taylor Swift,1,2021,4,9,2619,12,350381515,47,90,1,0,7,130,F#,Major,63,49,73,5,0,9,3
Until I Found You,Stephen Sanchez,1,2021,9,1,4427,4,726434358,69,100,154,20,438,202,A#,Major,34,25,51,69,0,18,4
Easy On Me,Adele,1,2021,10,14,10195,20,1406111294,258,87,657,22,9,142,F,Major,60,13,37,58,0,13,3
The Color Violet,Tory Lanez,1,2021,12,10,2585,32,415932686,3,79,21,1,54,105,F#,Minor,65,46,53,16,0,9,5
Shivers,Ed Sheeran,1,2021,9,9,10147,30,1302184087,234,71,543,18,,141,D,Major,79,82,86,28,0,4,9
METAMORPHOSIS,INTERWORLD,1,2021,11,25,1561,24,357580552,18,78,24,0,30,175,G,Minor,59,15,64,43,90,12,10
Sunroof,"Nicky Youre, Dazy",2,2021,12,3,3741,17,652704649,156,35,110,19,0,131,A#,Major,77,84,71,35,0,15,4
La Bebe,Yng Lvcas,1,2021,12,24,489,17,191945597,4,11,5,1,2,170,D,Minor,78,75,46,62,0,12,35
Enemy (with JID) - from the series Arcane League of Legends,"Imagine Dragons, League of Legends, JID, Arcane",4,2021,9,3,6180,7,1223481149,122,88,580,21,10,77,B,Minor,72,59,76,24,0,42,28
My Universe,"Coldplay, BTS",2,2021,9,24,6127,13,1061966512,0,0,0,0,0,105,A,Major,58,42,68,1,0,14,4
INDUSTRY BABY (feat. Jack Harlow),"Jack Harlow, Lil Nas X",2,2021,7,23,13315,0,1814349763,300,47,690,0,,150,D#,Minor,74,89,70,2,0,5,6
Yonaguni,Bad Bunny,1,2021,6,4,9644,28,1260594497,120,86,164,4,0,180,C#,Major,64,44,65,28,0,14,12
Where Are You Now,"Lost Frequencies, Calum Scott",2,2021,7,30,10565,44,972509632,238,122,557,17,58,121,F#,Minor,67,26,64,52,0,17,10
Woman,Doja Cat,1,2021,6,25,9424,0,1329090101,202,50,463,4,,108,F,Minor,82,88,76,9,0,12,9
I Hate U,SZA,1,2021,12,3,4094,0,356709897,66,96,43,0,0,107,G,Minor,54,41,39,51,0,11,16
Desesperados,"Chencho Corleone, Rauw Alejandro",2,2021,6,25,6821,34,809306935,83,58,128,7,0,90,C#,Minor,87,51,69,36,0,9,8
���abcdefu,Gayle,1,2021,8,13,7215,0,1007612429,170,12,575,18,,122,E,Major,70,42,54,30,0,37,5
Do It To It,"Cherish, ACRAZE",2,2021,8,20,12403,0,674772936,183,63,465,0,11,125,B,Minor,85,64,81,2,5,7,9
We Don't Talk About Bruno,"Adassa, Mauro Castillo, Stephanie Beatriz, Encanto - Cast, Rhenzy Feliz, Diane Guerrero, Carolina Gaitan",7,2021,11,19,2785,0,432719968,95,89,44,0,,206,,Minor,58,83,45,36,0,11,8
Pepas,Farruko,1,2021,6,24,14114,17,1309887447,252,109,965,20,,130,G,Major,76,44,77,1,0,13,3
Take My Breath,The Weeknd,1,2021,8,6,2597,0,130655803,17,80,38,0,0,121,A#,Minor,70,35,77,1,0,26,4
good 4 u,Olivia Rodrigo,1,2021,5,14,15563,6,1887039593,259,55,461,1,,166,F#,Minor,56,68,66,28,0,11,18
Kiss Me More (feat. SZA),"SZA, Doja Cat",2,2021,4,9,15867,0,1575467011,382,65,497,0,12,111,G#,Major,77,74,66,30,0,13,3
Need To Know,Doja Cat,1,2021,6,11,6672,0,1042568408,125,36,150,0,,130,C#,Major,66,19,61,30,0,9,7
Surface Pressure,Jessica Darrow,1,2021,11,19,1756,0,267758538,38,48,20,0,0,180,D,Major,65,37,58,2,0,4,31
THATS WHAT I WANT,Lil Nas X,1,2021,9,17,7963,0,920797189,173,7,298,0,4,88,C#,Minor,74,55,85,1,0,5,22
One Right Now (with The Weeknd),"The Weeknd, Post Malone",2,2021,11,5,4771,0,539595276,68,18,75,0,1,97,C#,Major,68,72,78,4,0,7,5
Lo Siento BB:/ (with Bad Bunny & Julieta Venegas),"Julieta Venegas, Bad Bunny, Tainy",3,2021,10,5,3423,26,775542072,61,65,53,6,0,170,E,Minor,64,14,70,9,0,9,8
MONEY,Lisa,1,2021,9,10,2566,13,863625566,44,109,131,0,,140,C#,Minor,83,40,55,16,0,14,23
The Motto,"Ti��sto, Ava",2,2021,11,4,9151,6,656013912,240,107,268,0,5,118,G,Minor,75,46,76,3,0,9,4
Happier Than Ever,Billie Eilish,1,2021,7,30,8476,0,1056760045,138,133,283,0,,65,,Major,31,31,24,76,0,14,4
Moth To A Flame (with The Weeknd),"The Weeknd, Swedish House Mafia",2,2021,10,22,7495,17,611994237,114,172,284,2,,120,,Minor,56,16,67,0,0,11,4
traitor,"Juan Cruz Toledo, Huilen Toledo",2,2021,5,21,5257,6,1230855859,85,43,134,0,,176,D#,Major,29,12,33,68,0,12,5
Toxic,BoyWithUke,1,2021,9,10,1795,0,582981380,34,23,118,0,,180,G#,Minor,59,69,61,84,0,46,36
drivers license,Olivia Rodrigo,1,2021,1,8,12685,3,1858144199,185,61,485,0,,144,A#,Major,59,21,43,76,0,10,7
Malvad��,"Xam��, Gustah, Neo B",3,2021,11,30,648,1,240684449,14,3,81,0,0,133,F#,Minor,82,52,61,38,0,14,27
All Too Well (10 Minute Version) (Taylor's Version) (From The Vault),Taylor Swift,1,2021,11,12,4635,5,583687007,50,49,30,1,2,93,,Major,63,21,52,28,0,9,3
Oh My God,Adele,1,2021,11,19,4431,0,466214729,105,7,199,0,0,88,C#,Major,53,55,73,9,0,3,5
I AM WOMAN,Emmy Meli,1,2021,11,18,2795,0,225259194,45,0,107,0,0,170,A#,Major,65,46,47,12,0,13,16
Medallo,"Justin Quiles, Lenny Tav��rez, BL",3,2021,10,27,2780,2,393230256,54,21,57,1,0,90,E,Minor,79,79,70,57,0,66,8
It'll Be Okay,Shawn Mendes,1,2021,12,1,1950,0,287201015,56,8,104,0,10,78,G,Major,40,7,29,62,0,9,3
Super Gremlin,Kodak Black,1,2021,10,30,2551,0,342779426,52,15,35,0,1,73,D,Major,83,11,41,0,0,36,14
Volv�,"Aventura, Bad Bunny",2,2021,8,3,5375,10,673801126,138,24,133,0,1,176,C#,Major,73,79,86,42,0,7,18
Smokin Out The Window,"Bruno Mars, Anderson .Paak, Silk Sonic",3,2021,11,5,4963,0,383550148,63,40,76,0,0,82,D,Major,63,85,62,6,0,35,4
Tacones Rojos,Sebastian Yatra,1,2021,10,22,3047,9,510876816,77,31,85,5,28,123,B,Minor,75,93,86,8,0,14,3
Peaches (feat. Daniel Caesar & Giveon),"Justin Bieber, Daniel Caesar, Giveon",3,2021,3,19,14140,0,1445941661,231,52,612,6,,90,,Major,63,49,68,38,0,42,18
"Tiago PZK: Bzrp Music Sessions, Vol. 48","Bizarrap, Tiago pzk",2,2021,12,29,1678,12,374191487,20,4,15,1,3,96,C#,Minor,66,76,82,47,0,10,32
Nost��l,"Chris Brown, Rvssian, Rauw Alejandro",3,2021,9,8,2780,2,436695353,86,76,59,0,16,98,A,Minor,73,60,85,17,0,24,5
Better Days (NEIKED x Mae Muller x Polo G),"NEIKED, Mae Muller, Polo G",3,2021,9,24,4091,0,421040617,105,2,73,13,1,110,,Minor,72,67,68,0,0,14,4
Sad Girlz Luv Money Remix (feat. Kali Uchis),"Kali Uchis, Amaarae, Moliy",3,2021,9,16,3643,0,354065229,69,3,70,0,3,110,C#,Minor,86,31,53,43,0,11,6
Butter,BTS,1,2021,5,21,4779,6,1143647827,180,135,223,0,5,110,G#,Major,79,70,36,0,0,6,11
You Right,"Doja Cat, The Weeknd",2,2021,6,24,5073,0,672656250,83,9,100,0,4,129,G#,Major,83,44,62,2,0,8,6
deja vu,Olivia Rodrigo,1,2021,4,1,7545,4,1256880657,117,39,141,0,46,181,A,Major,44,22,60,61,0,42,9
TO THE MOON,Jnr Choi,1,2021,11,5,2979,0,245095641,44,0,159,0,0,144,D,Major,74,39,65,5,1,11,35
Salimo de Noche,"Trueno, Tiago pzk",2,2021,10,21,1057,0,261414174,17,5,21,0,0,84,D,Major,67,78,63,29,0,12,5
Volando - Remix,"Sech, Bad Bunny, Mora",3,2021,7,8,3272,19,610045621,101,34,70,1,2,154,F#,Major,66,63,69,21,0,11,7
Leave The Door Open,"Bruno Mars, Anderson .Paak, Silk Sonic",3,2021,3,5,14417,0,1115880852,237,123,569,0,10,148,F,Major,59,72,62,18,0,9,3
Knife Talk (with 21 Savage ft. Project Pat),"Drake, Project Pat, 21 Savage",3,2021,9,3,5199,0,594482982,45,43,45,0,3,146,F,Minor,85,22,37,13,0,7,30
Don't Be Shy,"Ti��sto, Kar",2,2021,8,1,6026,0,566954746,171,51,187,1,21,120,B,Minor,77,51,79,20,0,26,6
LA FAMA (with The Weeknd),"The Weeknd, ROSAL�",2,2021,11,11,4640,3,374706940,81,93,507,6,4,136,,Minor,77,82,30,95,0,13,5
The Family Madrigal,"Olga Merediz, Stephanie Beatriz, Encanto - Cast",3,2021,11,19,1150,0,184937148,20,38,12,0,0,141,C#,Major,59,56,63,12,0,6,36
Dos Oruguitas,Sebastian Yatra,1,2021,11,19,925,0,167076418,24,47,74,0,0,94,,Major,42,47,36,76,0,9,5
Acapulco,Jason Derulo,1,2021,9,1,3098,0,363467642,111,5,182,1,0,122,A#,Major,77,51,79,5,0,16,5
ELEVEN,IVE,1,2021,12,1,521,1,247737946,17,89,11,0,0,120,A,Major,83,59,73,6,0,5,11
What Else Can I Do?,"Stephanie Beatriz, Diane Guerrero",2,2021,11,19,802,0,154797871,13,27,8,0,0,120,E,Major,72,54,71,26,0,10,4
DANCE CRIP,Trueno,1,2021,11,17,731,0,198883004,14,14,24,0,4,106,,Major,86,86,79,11,0,8,9
happier,Olivia Rodrigo,1,2021,5,21,3069,4,850608354,25,46,105,0,45,169,F#,Major,39,36,45,81,0,8,13
Praise God,Kanye West,1,2021,8,29,4651,0,376333030,24,6,105,0,0,118,C#,Major,80,21,55,1,0,26,17
Get Into It (Yuh),Doja Cat,1,2021,6,25,4999,0,516784627,43,19,73,12,0,92,G#,Minor,91,79,66,32,0,9,16
Sobrio,Maluma,1,2021,7,8,3506,10,513643924,103,76,100,1,1,178,F,Major,76,63,77,14,0,15,22
Peru,"Ed Sheeran, Fireboy DML",2,2021,12,23,2999,0,261286503,60,17,154,0,22,108,G,Minor,96,71,42,57,0,8,9
favorite crime,Olivia Rodrigo,1,2021,5,21,3681,0,783706581,20,21,99,0,7,173,A,Major,40,19,29,86,0,34,4
Thunder,"Prezioso, Gabry Ponte, LUM!X",3,2021,5,7,4846,10,422691058,54,16,259,0,13,101,C#,Major,67,40,90,3,0,34,6
I WANNA BE YOUR SLAVE,M��ne,1,2021,3,19,4873,0,851070493,65,88,434,3,13,133,C#,Major,75,96,61,0,0,18,4
Vai L�� Em Casa ,"Mar��lia Mendon��a, George Henrique &",2,2021,10,22,772,0,263894529,7,3,89,0,0,158,G#,Minor,46,62,83,53,0,97,28
The Feels,TWICE,1,2021,10,1,1150,0,345903614,20,99,44,0,2,120,A,Major,81,92,90,9,0,8,7
OUT OUT (feat. Charli XCX & Saweetie),"Charli XCX, Jax Jones, Joel Corry, Saweetie",4,2021,8,13,6890,0,427486004,122,11,201,0,1,124,G#,Minor,79,79,84,2,0,5,5
2055,Sleepy hallow,1,2021,4,14,2226,0,624515457,29,0,44,0,0,161,F#,Minor,78,65,52,46,0,12,31
Happier Than Ever - Edit,Billie Eilish,1,2021,7,28,1959,0,412795151,19,0,38,0,0,81,,Major,45,12,57,7,0,23,3
Ley Seca,"Anuel Aa, Jhay Cortez",2,2021,9,2,2012,0,355219175,101,12,38,0,0,105,G#,Major,76,58,84,10,0,13,10
Every Summertime,NIKI,1,2021,8,10,1211,2,290228626,30,2,5,0,6,79,F#,Major,63,76,67,38,0,6,4
Take My Breath,The Weeknd,1,2021,8,6,6392,0,432702334,174,73,344,0,0,121,G#,Major,75,53,74,2,0,11,5
Way 2 Sexy (with Future & Young Thug),"Drake, Future, Young Thug",3,2021,9,3,5481,0,489945871,144,30,86,0,0,136,B,Minor,80,33,60,0,0,32,14
C��,Rauw Alejandro,1,2021,6,25,2636,3,465959382,36,82,39,0,5,102,A,Minor,77,26,63,58,0,11,5
Enemy - from the series Arcane League of Legends,"Imagine Dragons, League of Legends, Arcane",3,2021,10,27,824,0,1223481149,8,8,8,2,0,77,G,Major,73,54,74,23,0,41,23
Qu�� M��,"J Balvin, Maria Becerra",2,2021,1,28,8087,0,720825549,92,34,131,0,0,102,G#,Major,89,77,82,3,0,17,11
Fair Trade (with Travis Scott),"Drake, Travis Scott",2,2021,9,3,5403,6,593917618,118,116,96,0,3,168,C#,Major,67,29,47,5,0,22,26
Bar,"Tini, L-Gante",2,2021,11,11,755,4,200972675,22,3,0,0,0,94,C#,Major,52,68,69,13,0,33,8
family ties (with Kendrick Lamar),"Kendrick Lamar, Baby Keem",2,2021,8,27,6308,5,560222750,114,15,63,0,2,134,C#,Major,71,14,61,1,0,23,33
AM Remix,"J Balvin, Nio Garcia, Bad Bunny",3,2021,6,24,6556,0,528544703,93,5,67,1,0,172,F#,Minor,74,79,66,11,0,8,16
Leave Before You Love Me (with Jonas Brothers),"Marshmello, Jonas Brothers",2,2021,4,28,4893,4,651732901,143,24,110,0,70,120,G,Major,72,67,72,0,0,13,4
Permission to Dance,BTS,1,2021,7,9,1801,2,608334048,77,134,74,0,2,125,A,Major,70,65,74,1,0,34,4
Friday (feat. Mufasa & Hypeman) - Dopamine Re-Edit,"Riton, Nightcrawlers, Mufasa & Hypeman, Dopamine",4,2021,1,15,12043,0,863756573,209,54,710,0,18,123,D,Major,82,80,86,1,0,30,13
RAPSTAR,Polo G,1,2021,4,9,4731,0,797402345,141,12,78,0,0,81,F#,Major,79,44,54,41,0,13,24
Se Le Ve,"Arcangel, De La Ghetto, Justin Quiles, Lenny Tav��rez, Sech, Dalex, Dimelo Flow, Rich Music",8,2021,8,12,1560,0,223319934,72,0,0,0,0,84,G,Minor,56,61,76,10,0,14,11
When I���m Gone (with Katy ,"Katy Perry, Alesso",2,2021,12,29,3270,0,226897599,89,21,65,0,0,125,,Major,69,70,89,4,0,49,3
Esque��a-Me Se For C,"Mar��lia Mendon��a, Maiara &",2,2021,10,14,580,0,258316038,24,92,93,0,0,122,F#,Minor,80,62,69,28,0,13,7
Mi��n,"Tini, Maria Becerra",2,2021,4,29,3406,16,596152090,61,23,70,1,0,92,D,Major,85,92,54,16,0,29,7
S��,"Anuel Aa, Myke Towers, Jhay Cortez",3,2021,11,18,903,0,177129919,30,26,15,0,0,90,F#,Minor,63,75,75,17,0,11,8
Cigarettes,Juice WRLD,1,2021,12,10,975,0,185408548,11,0,10,0,0,160,D,Major,60,47,62,3,0,38,4
Down Under (feat. Colin Hay),"Luude, Colin Hay",2,2021,11,19,3541,2,252871192,57,13,50,1,7,172,B,Minor,31,4,86,1,0,28,17
Mujeriego,Ryan Castro,1,2021,12,17,1492,0,231996128,44,63,91,0,24,80,A,Major,76,92,62,6,0,8,13
Problem�,"Alvaro Diaz, Rauw Alejandro",2,2021,10,22,1517,0,209768491,42,7,15,0,4,92,D,Minor,73,37,74,28,0,14,6
Hrs and Hrs,Muni Long,1,2021,11,19,1800,0,181328253,43,36,46,13,4,140,G#,Minor,51,66,53,60,0,11,18
Christmas Tree,V,1,2021,12,24,509,9,317622165,8,106,6,0,8,139,F,Major,44,18,38,70,0,12,4
Envolver,Anitta,1,2021,11,11,4673,2,546191065,123,113,180,1,4,92,E,Minor,81,40,73,15,0,9,8
Jordan,Ryan Castro,1,2021,4,30,2844,2,394030335,29,2,35,1,0,180,A#,Minor,80,71,68,6,0,10,37
this is what falling in love feels like,JVKE,1,2021,9,3,2005,0,346127840,16,5,43,0,7,129,B,Major,42,33,44,62,0,8,6
"jealousy, jealousy",Olivia Rodrigo,1,2021,5,21,3257,0,665765558,10,0,70,0,0,164,A#,Minor,70,71,58,24,0,7,13
Mon��y so,YEAT,1,2021,9,10,1473,0,263779030,2,0,12,0,10,138,D,Major,69,35,57,12,0,10,9
Angel Baby,Troye Sivan,1,2021,9,9,1959,9,408843328,52,25,32,0,10,145,B,Major,56,41,57,1,0,13,3
Ain't Shit,Doja Cat,1,2021,6,25,3436,0,499710590,32,6,46,0,1,124,D#,Major,86,62,49,51,0,35,21
SloMo,Chanel,1,2021,12,24,1211,0,65719930,31,0,19,0,2,105,C#,Minor,73,59,81,13,0,9,6
Flowers,Lauren Spencer Smith,1,2021,8,9,801,0,184826429,42,9,24,1,1,138,D#,Major,70,31,44,84,0,9,39
295,Sidhu Moose Wala,1,2021,5,15,246,4,183273246,4,106,0,0,7,90,B,Minor,68,54,76,21,0,11,20
